edition,rank,name,category,in_evidence_source,score,attention_40,evidence_40,momentum_20,pageviews_30d,pageviews_prior_30d,evidence_detail_json
2026-10,1,Cadillac (as cultural object),Artifacts,True,78.8,100.0,75.0,44.0,33922,38520,"{""has_object_biography"": true, ""in_source_package"": true, ""provisional_claims"": 5, ""relationships"": 1, ""source_package"": ""CTL-DR-LIFE-001"", ""verified_claims"": 5}"
2026-10,2,Funeral-home advertising church fan,Artifacts,True,67.8,70.4,79.5,39.2,6156,7849,"{""has_object_biography"": true, ""in_source_package"": true, ""provisional_claims"": 4, ""relationships"": 1, ""source_package"": ""CTL-DR-LIFE-001"", ""verified_claims"": 6}"
2026-10,3,Yearbook (1955 Allen University 'Yellow Jacket'),Artifacts,True,66.5,51.0,84.1,62.1,2015,1622,"{""has_object_biography"": true, ""in_source_package"": true, ""provisional_claims"": 3, ""relationships"": 1, ""source_package"": ""CTL-DR-LIFE-001"", ""verified_claims"": 7}"
2026-10,4,Mail-order catalog (Sears / Montgomery Ward),Artifacts,True,65.4,55.8,77.3,60.9,2655,2180,"{""has_object_biography"": true, ""in_source_package"": true, ""provisional_claims"": 3, ""relationships"": 0, ""source_package"": ""CTL-DR-LIFE-001"", ""verified_claims"": 7}"
2026-10,5,Transistor radio (Regency TR-1),Artifacts,True,65.3,65.4,70.5,54.9,4624,4212,"{""has_object_biography"": true, ""in_source_package"": true, ""provisional_claims"": 2, ""relationships"": 1, ""source_package"": ""CTL-DR-LIFE-001"", ""verified_claims"": 6}"
2026-10,6,Murray's Superior Hair Dressing Pomade (tin),Artifacts,True,62.4,65.4,65.9,49.6,4611,4647,"{""has_object_biography"": true, ""in_source_package"": true, ""provisional_claims"": 3, ""relationships"": 1, ""source_package"": ""CTL-DR-LIFE-001"", ""verified_claims"": 5}"
2026-10,7,Hot comb / pressing comb,Artifacts,True,57.1,38.1,84.1,41.3,958,1161,"{""has_object_biography"": true, ""in_source_package"": true, ""provisional_claims"": 1, ""relationships"": 1, ""source_package"": ""CTL-DR-LIFE-001"", ""verified_claims"": 8}"
2026-10,8,"45-rpm single (Chess 1604, 'Maybellene')",Artifacts,True,47.5,57.5,36.4,49.9,2928,2934,"{""has_object_biography"": true, ""in_source_package"": true, ""provisional_claims"": 6, ""relationships"": 0, ""source_package"": ""CTL-DR-LIFE-001"", ""verified_claims"": 1}"
2026-10,9,Afro pick (fist-handle hair pick),Artifacts,True,46.2,0.0,100.0,30.9,106,172,"{""has_object_biography"": true, ""in_source_package"": true, ""provisional_claims"": 4, ""relationships"": 4, ""source_package"": ""CTL-DR-LIFE-001"", ""verified_claims"": 6}"
2026-10,10,The Black family photograph album,Artifacts,True,22.6,32.1,0.0,48.6,680,699,"{""has_object_biography"": false, ""in_source_package"": true, ""provisional_claims"": 1, ""relationships"": 0, ""source_package"": ""CTL-DR-LIFE-001"", ""verified_claims"": 2}"
